No.,Nama Sungai,Lokasi/ Koordinat,Periode/ Tanggal,TSS,DO,BOD,COD,Fosfat,Fecal Coli,Total-Coliform,TSS.1,DO.1,BOD.1,COD.1,Fosfat.1,Fecal Coli.1,Total-Coliform.1,TSS.2,DO.2,BOD.2,COD.2,Fosfat.2,Fecal Coli.2,Total-Coliform.2,TSS.3,DO.3,BOD.3,COD.3,Fosfat.3,Fecal Coli.3,Total-Coliform.3,(Ci/Lij)R,(Ci/Lij)M,(Ci/Lij)R2,(Ci/Lij)M2,Pij,Status Mutu Air
1,Cimahi Hulu, E 107´33.618´ S 06´51.309´,2019-04-05,81.0,7.19,4.0,12.0,0.28,1100000,1100000.0,50,4,3,25,0.2,1000,5000,1.62,-0.015833333333333366,1.3333333333333333,0.48,1.4000000000000001,1100.0,,2.0475750727131548,2.273344495274601,1.6246936830414995,-0.5937938131220639,1.4000000000000001,1100.0,0.0,158.10740277684388,1100.0,24997.950812839143,1210000.0,785.8110303415317,berat
2,Cimahi Tengah,E 108´32.466´ S 06´53.606´,2019-04-01,62.0,6.04,4.0,11.0,0.36,240000,1100000.0,50,4,3,25,0.2,1000,5000,1.24,0.08,1.3333333333333333,0.44,1.7999999999999998,240.0,,1.4671084258111753,0.08,1.6246936830414995,-0.7827366175690629,1.7999999999999998,240.0,0.0,34.884152213040515,240.0,1216.9040756225795,57600.0,171.48892686646357,berat
3,Cimahi Hilir," E 107° 32' 304"" S 06° 55' 203"" ",2019-04-05,20.0,6.19,6.0,27.0,0.33,1100000,1100000.0,50,4,3,25,0.2,1000,5000,0.4,0.06749999999999996,2.0,1.08,1.65,1100.0,,-0.9897000433601879,0.06749999999999996,2.5051499783199063,1.1671187774347487,1.65,1100.0,0.0,157.77143838748492,1100.0,24891.82677085595,1210000.0,785.7772670327311,berat
4,Cisangkan Hulu,E 107´32.181´ S 06´52.223´,2019-04-01,23.0,4.25,2.0,7.0,0.78,460000,460000.0,50,4,3,25,0.2,1000,5000,0.46,0.22916666666666666,0.6666666666666666,0.28,3.9,460.0,,-0.6862108415921295,0.22916666666666666,0.1195437047215937,-1.7642098432889037,3.9,460.0,0.0,65.9711842409296,460.0,4352.197150150679,211600.0,328.5971676309389,berat
5,Cisangkan Tengah,E 108´31.818´ S 06´52.867´,2019-04-01,25.0,1.0,6.0,23.0,0.86,1100000,1100000.0,50,4,3,25,0.2,1000,5000,0.5,0.5,2.0,0.92,4.3,1100.0,,-0.505149978319906,0.5,2.5051499783199063,0.8189391367277764,4.3,1100.0,0.0,158.23127701953254,1100.0,25037.137027232046,1210000.0,785.8234970485522,berat
6,Cisangkan Hilir,"E 107° 32' 006""  S 6° 55' 092"" ",2019-04-02,20.0,1.73,19.0,42.0,0.94,93000,240000.0,50,4,3,25,0.2,1000,5000,0.4,0.43916666666666665,6.333333333333333,1.68,4.699999999999999,93.0,,-0.9897000433601879,0.43916666666666665,5.008161731165832,2.126546408629314,4.699999999999999,93.0,0.0,14.89773925187166,93.0,221.94263481675753,8649.0,66.59933421144973,berat
7,Cibabat Hulu,E 107´33.694´ S 06´53.373´,2019-04-04,26.0,5.38,6.0,29.0,0.48,1100000,1100000.0,50,4,3,25,0.2,1000,5000,0.52,0.135,2.0,1.16,2.4,1100.0,,-0.4199832818260041,0.135,2.5051499783199063,1.3222899461345923,2.4,1100.0,0.0,157.9917795203755,1100.0,24961.402396014942,1210000.0,785.7994026454891,berat
8,Cibabat Tengah,E 107´32.892´ S 06´54.016´,2019-04-04,21.0,2.1,24.0,60.0,0.93,1100000,1100000.0,50,4,3,25,0.2,1000,5000,0.42,0.4083333333333334,8.0,2.4,4.65,1100.0,,-0.8837535480104979,0.4083333333333334,5.515449934959718,2.90105620855803,4.65,1100.0,0.0,158.9415837041201,1100.0,25262.427030373812,1210000.0,785.895167000782,berat
9,Cibabat Hilir,"E 107° 33' 008""  S 06° 55' 502"" ",2019-04-05,32.0,2.27,46.0,122.0,1.08,1100000,1100000.0,50,4,3,25,0.2,1000,5000,0.64,0.3941666666666667,15.333333333333334,4.88,5.4,1100.0,,0.03089986991943594,0.3941666666666667,6.928182884809559,4.442099110013553,5.4,1100.0,0.0,159.59933550448704,1100.0,25471.947893473818,1210000.0,785.9618145601839,berat
10,Cibaligo Hulu,E 107´33.329´ S 06´53.876´,2019-04-04,82.0,4.87,19.0,39.0,0.51,1100000,1100000.0,50,4,3,25,0.2,1000,5000,1.64,0.1775,6.333333333333333,1.56,2.55,1100.0,,2.0742192402384894,0.1775,5.008161731165832,1.965622991772308,2.55,1100.0,0.0,158.82507199473952,1100.0,25225.403494134192,1210000.0,785.8833894077842,berat
11,Cibaligo Tengah,E 107´33.108' S 06´54.523´,2019-04-04,20.0,2.67,57.0,104.0,0.39,1100000,1100000.0,50,4,3,25,0.2,1000,5000,0.4,0.36083333333333334,19.0,4.16,1.95,1100.0,,-0.9897000433601879,0.36083333333333334,7.393768004764144,4.095466653133714,1.95,1100.0,0.0,158.97290970683872,1100.0,25272.386020658698,1210000.0,785.89833503471,berat
12,Cibaligo Hilir,"E 107° 32' 630"" S 06° 55' 270"" ",2019-04-02,35.0,1.0,129.0,228.0,3.65,1100000,1100000.0,50,4,3,25,0.2,1000,5000,0.7,0.5,43.0,9.12,18.25,1100.0,,0.22549020007128406,0.5,9.167342277897932,5.799974191642081,18.25,1100.0,0.0,161.9918295242302,1100.0,26241.352832607263,1210000.0,786.2065100317496,berat
13,Cibeureum Hulu,"E 107° 34' 130"" S 06° 54' 622""",2019-04-01,15.0,5.74,7.0,26.0,0.48,460000,460000.0,50,4,3,25,0.2,1000,5000,0.3,0.10499999999999998,2.3333333333333335,1.04,2.4,460.0,,-1.6143937264016879,0.10499999999999998,2.839883926472972,1.0851666964939017,2.4,460.0,0.0,66.40223669950932,460.0,4409.257038697662,211600.0,328.64057649558254,berat
14,Cibeureum Tengah,E 107´33.923´ S 06´55.164´,2019-04-02,72.0,3.31,50.0,84.0,0.44,240000,240000.0,50,4,3,25,0.2,1000,5000,1.44,0.3075,16.666666666666668,3.36,2.1999999999999997,240.0,,1.7918124604762482,0.3075,16.666666666666668,3.63169638694922,2.1999999999999997,240.0,0.0,37.79966793058459,240.0,1428.814895662465,57600.0,171.79757695564635,berat
15,Cibeureum Hilir,E 107´34.130´ S 06´54.622´,2019-04-02,38.0,3.3,24.0,50.0,0.82,460000,460000.0,50,4,3,25,0.2,1000,5000,0.76,0.30833333333333335,8.0,2.0,4.1,460.0,,0.40406796140395673,0.30833333333333335,5.515449934959718,2.5051499783199063,4.1,460.0,0.0,67.54757160114528,460.0,4562.674429211848,211600.0,328.7572618431507,berat
16,Cimahi Hulu, E 107´33.618´ S 06´51.309´,2019-07-10,76.0,7.36,5.0,16.0,0.16,310,341000.0,50,4,3,25,0.2,1000,5000,1.52,-0.030000000000000027,1.6666666666666667,0.64,0.7999999999999999,0.31,,1.9092179397238627,2.3240891150476823,1.6666666666666667,0.64,0.7999999999999999,0.31,0.0,1.0928533887768874,2.3240891150476823,1.1943285293611265,5.401390214683119,1.8160009284199508,ringan
17,Cimahi Tengah,"E 107° 32' 466"" S 06´53.606´ ",2019-07-10,317.0,1.34,25.0,129.0,0.2,1480000,7120000.0,50,4,3,25,0.2,1000,5000,6.34,0.4716666666666667,8.333333333333334,5.16,1.0,1480.0,,5.010446289408663,0.4716666666666667,5.604093769761876,4.563248508136057,1.0,1480.0,0.0,213.80706503342475,1480.0,45713.46105820712,2190400.0,1057.3820173093088,berat
18,Cimahi Hilir," E 107° 32' 304"" S 06° 55' 203"" ",2019-07-09,40.0,1.0,30.0,105.0,0.38,9880000,21430000.0,50,4,3,25,0.2,1000,5000,0.8,0.5,10.0,4.2,1.9,9880.0,,0.515449934959718,0.5,6.0,4.116246451989502,1.9,9880.0,0.0,1413.2902423409928,9880.0,1997389.309096262,97614400.0,7057.329144552359,berat
19,Cisangkan Hulu,E 107´32.181´ S 06´52.223´,2019-07-10,31.0,2.17,24.0,90.0,0.4,6488000,24196000.0,50,4,3,25,0.2,1000,5000,0.62,0.4025,8.0,3.6,2.0,6488.0,,-0.03804155250873076,0.4025,5.515449934959718,3.7815125038364363,2.0,6488.0,0.0,928.5230601266124,6488.0,862155.0731868887,42094144.0,4634.452452727663,berat
20,Cisangkan Tengah,E 108´31.818´ S 06´52.867´,2019-07-10,84.0,1.0,34.0,150.0,0.79,13140000,23590000.0,50,4,3,25,0.2,1000,5000,1.68,0.5,11.333333333333334,6.0,3.95,13140.0,,2.126546408629314,0.5,6.271788311612964,4.890756251918218,3.95,13140.0,0.0,1879.6770129960228,13140.0,3533185.6731856503,172659600.0,9385.967868930344,berat
21,Cisangkan Hilir,"E 107° 32' 006""  S 6° 55' 092"" ",2019-07-08,29.0,1.0,21.0,85.0,1.05,15000000,17329000.0,50,4,3,25,0.2,1000,5000,0.58,0.5,7.0,3.4,5.25,15000.0,,-0.18286003218531377,0.5,5.225490200071284,3.657394585211276,5.25,15000.0,0.0,2144.9214321075856,15000.0,4600687.949914456,225000000.0,10714.492240650381,berat
22,Cibabat Hulu,E 107´33.694´ S 06´53.373´,2019-07-12,48.0,3.7,15.0,77.0,0.16,528000,1168000.0,50,4,3,25,0.2,1000,5000,0.96,0.27499999999999997,5.0,3.08,0.7999999999999999,528.0,,0.911356165197842,0.27499999999999997,4.494850021680094,3.4427535825022213,0.7999999999999999,528.0,0.0,76.84627996705431,528.0,5905.350744774893,278784.0,377.2859331758705,berat
23,Cibabat Tengah,E 107´32.892´ S 06´54.016´,2019-07-12,346.0,1.16,83.0,112.0,0.26,7890000,20980000.0,50,4,3,25,0.2,1000,5000,6.92,0.48666666666666664,27.666666666666668,4.48,1.3,7890.0,,5.200530472283789,0.48666666666666664,8.209784188282057,4.2563900699907204,1.3,7890.0,0.0,1129.9219101996034,7890.0,1276723.5231491206,62252100.0,5635.992526749354,berat
24,Cibabat Hilir,"E 107° 33' 008""  S 06° 55' 502"" ",2019-07-16,74.0,1.22,78.0,138.0,0.16,15531000,77010000.0,50,4,3,25,0.2,1000,5000,1.48,0.4816666666666667,26.0,5.52,0.7999999999999999,15531.0,,1.851308576974787,0.4816666666666667,8.074866739854091,4.7096953886459945,0.7999999999999999,15531.0,0.0,2220.9882196245917,15531.0,4932788.671711214,241211961.0,11093.798936155983,berat
25,Cibaligo Hulu,E 107´33.329´ S 06´53.876´,2019-07-16,71.0,2.63,31.0,67.0,0.25,6488000,21430000.0,50,4,3,25,0.2,1000,5000,1.42,0.3641666666666667,10.333333333333334,2.68,1.25,6488.0,,1.7614417219152823,0.3641666666666667,6.0712021955730515,3.1406739701439443,1.25,6488.0,0.0,928.6553549363283,6488.0,862400.7682519179,42094144.0,4634.4657064354205,berat
26,Cibaligo Tengah,E 107´33.108' S 06´54.523´,2019-07-15,44.0,2.84,29.0,100.0,0.21,10462000,12997000.0,50,4,3,25,0.2,1000,5000,0.88,0.3466666666666667,9.666666666666666,4.0,1.0499999999999998,10462.0,,0.7224133607508432,0.3466666666666667,5.926383715896468,4.0102999566398125,1.0499999999999998,10462.0,0.0,1496.293680528565,10462.0,2238894.778389719,109453444.0,7473.029465296846,berat
27,Cibaligo Hilir,"E 107° 32' 630"" S 06° 55' 270"" ",2019-07-08,79.0,1.0,64.0,280.0,0.77,43600000,72700000.0,50,4,3,25,0.2,1000,5000,1.58,0.5,21.333333333333332,11.2,3.85,43600.0,,1.9932854347721132,0.5,7.645293596321124,6.246090113350908,3.85,43600.0,0.0,6231.462095592064,43600.0,38831119.84880064,1900960000.0,31143.14627529467,berat
28,Cibeureum Hulu,"E 107° 34' 130"" S 06° 54' 622""",2019-07-09,156.0,5.35,29.0,41.0,0.16,1860000,11870000.0,50,4,3,25,0.2,1000,5000,3.12,0.13750000000000004,9.666666666666666,1.64,0.7999999999999999,1860.0,,3.470772970092214,0.13750000000000004,5.926383715896468,2.0742192402384894,0.7999999999999999,1860.0,0.0,267.4869822751753,1860.0,71549.28568667996,3459600.0,1328.749277645463,berat
29,Cibeureum Tengah,E 107´33.923´ S 06´55.164´,2019-07-08,70.0,3.74,22.0,83.0,0.16,2282000,7701000.0,50,4,3,25,0.2,1000,5000,1.4,0.27166666666666667,7.333333333333333,3.32,0.7999999999999999,2282.0,,1.73064017839119,0.27166666666666667,5.326507130512719,3.6056904185201812,0.7999999999999999,2282.0,0.0,327.6763577705844,2282.0,107371.79544179601,5207524.0,1630.1680581218914,berat
30,Cibeureum Hilir,E 107´32.714´ S 06´55.918´,2019-07-08,182.0,2.97,51.0,178.0,0.41,840000,24196000.0,50,4,3,25,0.2,1000,5000,3.64,0.33583333333333326,17.0,7.12,2.05,840.0,,3.80550691824528,0.33583333333333326,7.15224460689137,5.2623999681842815,2.05,840.0,0.0,122.6579978323792,840.0,15044.984432247938,705600.0,600.2686833544825,berat
31,Cimahi Hulu, E 107´33.618´ S 06´51.309´,2019-11-07,36.0,7.69,5.0,15.0,0.16,74000,630000.0,50,4,3,25,0.2,1000,5000,0.72,-0.05750000000000003,1.6666666666666667,0.6,0.7999999999999999,74.0,,0.28666248215634216,2.4193317423673433,1.6666666666666667,0.6,0.7999999999999999,74.0,0.0,11.396094413027194,74.0,129.87096787062964,5476.0,52.942756671100106,berat
32,Cimahi Tengah,"E 107° 32' 466"" S 06´53.606´ ",2019-11-05,35.0,5.0,9.0,31.0,0.19,816000,4570000.0,50,4,3,25,0.2,1000,5000,0.7,0.16666666666666666,3.0,1.24,0.95,816.0,,0.22549020007128406,0.16666666666666666,3.385606273598312,1.4671084258111753,0.95,816.0,0.0,117.45641022373535,816.0,13796.008302646402,665856.0,582.9459701819056,berat
33,Cimahi Hilir," E 107° 32' 304"" S 06° 55' 203"" ",2019-11-05,20.0,1.0,37.0,138.0,0.3,13140000,29090000.0,50,4,3,25,0.2,1000,5000,0.4,0.5,12.333333333333334,5.52,1.4999999999999998,13140.0,,-0.9897000433601879,0.5,6.455402346736663,4.7096953886459945,1.4999999999999998,13140.0,0.0,1878.8821996702889,13140.0,3530198.3202378633,172659600.0,9385.88829893681,berat
34,Cisangkan Hulu,E 107´32.181´ S 06´52.223´,2019-11-07,26.0,3.46,53.0,113.0,0.2,100,1000.0,50,4,3,25,0.2,1000,5000,0.52,0.295,17.666666666666668,4.52,1.0,0.1,,-0.4199832818260041,0.295,7.235773074405633,4.2756921740569105,1.0,0.1,0.0,1.7837831380909341,7.235773074405633,3.1818822837375405,52.356411984293544,5.269643928579572,sedang
35,Cisangkan Tengah,E 108´31.818´ S 06´52.867´,2019-11-05,35.0,1.0,98.0,204.0,0.6,30760000,64880000.0,50,4,3,25,0.2,1000,5000,0.7,0.5,32.666666666666664,8.16,2.9999999999999996,30760.0,,0.22549020007128406,0.5,8.570524104864162,5.558450793769306,2.9999999999999996,30760.0,0.0,4396.836352156958,30760.0,19332169.907648906,946177600.0,21971.683707759505,berat
36,Cisangkan Hilir,"E 107° 32' 006""  S 6° 55' 092"" ",2019-11-05,33.0,1.0,48.0,118.0,0.63,780000,61310000.0,50,4,3,25,0.2,1000,5000,0.66,0.5,16.0,4.72,3.15,780.0,,0.09771967770934342,0.5,7.020599913279624,4.369709993170439,3.15,780.0,0.0,113.59114708345135,780.0,12902.948695734278,608400.0,557.3611704701603,berat
37,Cibabat Hulu,E 107´33.694´ S 06´53.373´,2019-11-07,211.0,3.97,47.0,126.0,0.16,5480000,27550000.0,50,4,3,25,0.2,1000,5000,4.22,0.2525,15.666666666666666,5.04,0.7999999999999999,5480.0,,4.12656225480837,0.2525,6.974883016080275,4.512152682227627,0.7999999999999999,5480.0,0.0,785.2380139933023,5480.0,616598.7386201456,30030400.0,3914.5241561791486,berat
38,Cibabat Tengah,E 107´32.892´ S 06´54.016´,2019-11-04,35.0,1.03,59.0,151.0,0.48,12033000,92080000.0,50,4,3,25,0.2,1000,5000,0.7,0.4975,19.666666666666668,6.04,2.4,12033.0,,0.22549020007128406,0.4975,7.4686537846124095,4.905184693105659,2.4,12033.0,0.0,1721.2138326682557,12033.0,2962577.057768546,144793089.0,8595.221522967531,berat
39,Cibabat Hilir,"E 107° 33' 008""  S 06° 55' 502"" ",2019-11-06,36.0,1.3,61.0,200.0,0.3,21870000,36540000.0,50,4,3,25,0.2,1000,5000,0.72,0.47500000000000003,20.333333333333332,8.0,1.4999999999999998,21870.0,,0.28666248215634216,0.47500000000000003,7.541042901455523,5.515449934959718,1.4999999999999998,21870.0,0.0,3126.474022188367,21870.0,9774839.811418707,478296900.0,15621.647477321634,berat
40,Cibaligo Hulu,E 107´33.329´ S 06´53.876´,2019-11-06,22.0,1.0,26.0,61.0,0.4,11199000,27550000.0,50,4,3,25,0.2,1000,5000,0.44,0.5,8.666666666666666,2.44,2.0,11199.0,,-0.7827366175690629,0.5,5.689260466255777,2.9369491316936474,2.0,11199.0,0.0,1601.3347818543402,11199.0,2564273.0835764874,125417601.0,7999.433545057315,berat
41,Cibaligo Tengah,E 107´33.108' S 06´54.523´,2019-11-06,30.0,1.29,18.0,100.0,0.3,4366500,36730000.0,50,4,3,25,0.2,1000,5000,0.6,0.47583333333333333,6.0,4.0,1.4999999999999998,4366.5,,-0.10924374808178205,0.47583333333333333,4.890756251918218,4.0102999566398125,1.4999999999999998,4366.5,0.0,625.3239493991157,4366.5,391030.0416921078,19066322.25,3119.082580799369,berat
42,Cibaligo Hilir,"E 107° 32' 630"" S 06° 55' 270"" ",2019-11-06,26.0,1.0,78.0,192.0,1.0,12010000,111990000.0,50,4,3,25,0.2,1000,5000,0.52,0.5,26.0,7.68,5.0,12010.0,,-0.4199832818260041,0.5,8.074866739854091,5.42680610015756,5.0,12010.0,0.0,1718.3688127940263,12010.0,2952791.3767831516,144240100.0,8578.837082518328,berat
43,Cibeureum Hulu,"E 107° 34' 130"" S 06° 54' 622""",2019-11-04,98.0,6.19,22.0,50.0,0.22,3076000,17220000.0,50,4,3,25,0.2,1000,5000,1.96,0.06749999999999996,7.333333333333333,2.0,1.0999999999999999,3076.0,,2.46128035678238,0.06749999999999996,5.326507130512719,2.5051499783199063,1.0999999999999999,3076.0,0.0,441.06577678080214,3076.0,194539.0194472524,9461776.0,2197.3068765476582,berat
44,Cibeureum Tengah,E 107´33.923´ S 06´55.164´,2019-11-04,72.0,5.53,39.0,92.0,0.16,5475000,22470000.0,50,4,3,25,0.2,1000,5000,1.44,0.12249999999999998,13.0,3.68,0.7999999999999999,5475.0,,1.7918124604762482,0.12249999999999998,6.569716761534184,3.829239093367588,0.7999999999999999,5475.0,0.0,784.0161811879112,5475.0,614681.3723644756,29975625.0,3910.901837962983,berat
45,Cibeureum Hilir,E 107´32.714´ S 06´55.918´,2019-11-04,57.0,4.31,21.0,73.0,0.16,1455000,22470000.0,50,4,3,25,0.2,1000,5000,1.14,0.2241666666666667,7.0,2.92,0.7999999999999999,1455.0,,1.2845242566823627,0.2241666666666667,5.225490200071284,3.3269142572420916,0.7999999999999999,1455.0,0.0,209.4087279115232,1455.0,43852.01532552235,2117025.0,1039.4414402277607,berat
47,cimahi tengah,,2012-05-08,121.0,5.13,4.95,14.5,,100000,212000000.0,50,4,3,25,0.2,1000,5000,2.42,0.15583333333333335,1.6500000000000001,0.58,0.0,100.0,42400.0,2.9190768299021563,0.15583333333333335,2.0874197210695318,-0.18286003218531377,0.0,11.0,24.136829282963664,5.730899876440482,24.136829282963664,32.84321339378553,582.5865278349322,17.541803516581723,berat
48,Cimahi hilir,,2012-05-07,707.0,3.02,7.86,34.7,,2500,296000000.0,50,4,3,25,0.2,1000,5000,14.14,0.33166666666666667,2.62,1.3880000000000001,0.0,2.5,59200.0,6.752247047304403,0.33166666666666667,3.0915064565987276,1.7119473305941808,0.0,2.989700043360188,24.8616085336146,5.676953725448395,24.8616085336146,32.22780360088241,618.0995788786983,18.032295783948044,berat
50,Cibabat Tengah,,2012-05-07,829.0,2.01,34.7,184.0,,120000,217000000.0,50,4,3,25,0.2,1000,5000,16.58,0.41583333333333333,11.566666666666668,7.36,0.0,120.0,43400.0,7.097922631071273,0.41583333333333333,6.316041100356057,5.334389071687495,0.0,11.395906230238124,24.18744864756255,7.8210772877498345,24.18744864756255,61.169249940956306,585.0326720784755,17.975009346582155,berat
51,Cibabat Hilir,,2012-05-08,893.0,0.779,65.2,272.0,,500000,40000000.0,50,4,3,25,0.2,1000,5000,17.86,0.5184166666666666,21.733333333333334,10.88,0.0,500.0,8000.0,7.259407272762639,0.5184166666666666,7.685631705061289,6.183144476810806,0.0,14.494850021680094,20.51544993495972,8.093842868277317,20.51544993495972,65.5102923763636,420.8836860338387,15.594774419820927,berat
52,Cibeureum Hulu,,2012-05-09,298.0,5.79,14.9,51.3,,3000000,115000000.0,50,4,3,25,0.2,1000,5000,5.96,0.10083333333333333,4.966666666666667,2.052,0.0,3000.0,23000.0,4.876231298701182,0.10083333333333333,4.480325068463058,2.560886782198893,0.0,18.385606273598313,22.808639180087965,7.601788848054677,22.808639180087965,57.78719369040846,520.2340212474438,17.00031198151746,berat
53,Cibeureum Tengah,,2012-05-09,288.0,3.18,11.8,71.7,,3000000,6700000.0,50,4,3,25,0.2,1000,5000,5.76,0.3183333333333333,3.9333333333333336,2.8680000000000003,0.0,3000.0,1340.0,4.80211241711606,0.3183333333333333,3.973803762932315,3.2878957349788127,0.0,18.385606273598313,16.635523991824037,6.771896501968982,18.385606273598313,45.858582233379735,338.03051804777766,13.85440544161238,berat
54,Cibeureum Hilir,,2012-05-09,535.0,0.0,1255.0,2867.0,,5000000,9000000.0,50,4,3,25,0.2,1000,5000,10.7,0.5833333333333334,418.3333333333333,114.68,0.0,5000.0,1800.0,6.146918888426049,0.5833333333333334,14.107612355486973,11.297438421372235,0.0,19.494850021680094,17.27636252551653,9.843787935116458,19.494850021680094,96.90016091154433,380.0491773678003,15.442625072819464,berat
56,Cisangkan Tengah,,2012-05-02,239.0,1.08,19.6,54.8,,590000,37000000.0,50,4,3,25,0.2,1000,5000,4.78,0.49333333333333335,6.533333333333334,2.1919999999999997,0.0,590.0,7400.0,4.397139483060594,0.49333333333333335,5.075674083184068,2.7042027490616576,0.0,14.854260058210722,20.34615859865488,6.838681186500751,20.34615859865488,46.76756037059932,413.966169721618,15.177841251182878,berat
57,Cisangkan Hilir,,2012-05-07,1170.0,0.076,26.2,83.4,,260000,327000000.0,50,4,3,25,0.2,1000,5000,23.4,0.5770000000000001,8.733333333333333,3.3360000000000003,0.0,260.0,65400.0,7.8460792870507134,0.5770000000000001,5.705900183000415,3.6161302098285057,0.0,13.07486673985409,25.077888741621337,7.985409308765008,25.077888741621337,63.766761828510845,628.9005037371381,18.610041181653106,berat
58,Cibaligo Hulu,,2012-05-02,244.0,5.26,9.47,24.4,,490000,770000.0,50,4,3,25,0.2,1000,5000,4.88,0.14500000000000002,3.1566666666666667,0.976,0.0,490.0,154.0,4.442099110013553,0.14500000000000002,3.496143621418055,0.947249088333459,0.0,14.45098040014257,11.937603604182316,5.059867974869993,14.45098040014257,25.60226392311497,208.83083452530468,10.826659190360147,berat
59,Cibaligo Tengah,,2012-05-02,523.0,2.11,117.0,308.0,,220000,2320000.0,50,4,3,25,0.2,1000,5000,10.46,0.40750000000000003,39.0,12.32,0.0,220.0,464.0,6.097658422656277,0.40750000000000003,8.955323035132496,6.453053539142033,0.0,12.712113404111031,14.332589902774403,6.99403404340232,14.332589902774403,48.9165122002706,205.42313332111078,11.276959819059865,berat
60,Cibaligo hilir,,2012-05-08,1260.0,0.0,126.0,380.0,,500,3000000.0,50,4,3,25,0.2,1000,5000,25.2,0.5833333333333334,42.0,15.2,0.0,0.5,600.0,8.007002703907721,0.5833333333333334,9.116246451989502,6.909217939723863,0.0,0.5,14.890756251918218,5.715222382981805,14.890756251918218,32.66376688693622,221.73462175404148,11.278262025706304,berat
61,Cimahi Hulu,,2013-11-11,108.0,6.87,0.0,0.0,,1100,,50,4,3,25,0.2,1000,5000,2.16,0.010833333333333325,0.0,0.0,0.0,1.1,0.0,2.6722687557546543,0.010833333333333325,0.0,0.0,0.0,1.2069634257911255,0.0,0.5557236449827304,2.6722687557546543,0.3088287695928918,7.141020302982528,1.9300063565407524,ringan
62,cimahi tengah,,2013-11-06,187.0,3.91,11.1,38.0,,1100,,50,4,3,25,0.2,1000,5000,3.74,0.2575,3.6999999999999997,1.52,0.0,1.1,0.0,3.864358011002401,0.2575,3.841008620334975,1.9092179397238627,0.0,1.2069634257911255,0.0,1.5827211424074805,3.864358011002401,2.50500621462364,14.933262837198432,2.9528180651559004,ringan
63,Cimahi hilir,,2013-11-12,1540.0,,47.6,267.0,,1100,0.0,50,4,3,25,0.2,1000,5000,30.8,0.5833333333333334,15.866666666666667,10.68,0.0,1.1,0.0,8.442753582502222,0.5833333333333334,7.002428490004154,6.142856263462688,0.0,1.2069634257911255,0.0,3.3397621564419318,8.442753582502222,11.154011261601662,71.2800880548541,6.420050596235818,sedang
64,Cibabat Hulu,,2013-11-12,284.0,0.842,35.5,94.3,,1100,,50,4,3,25,0.2,1000,5000,5.68,0.5131666666666667,11.833333333333334,3.772,0.0,1.1,0.0,4.771741678555094,0.5131666666666667,6.365535491677158,3.8828584203264533,0.0,1.2069634257911255,0.0,2.3914665261452144,6.365535491677158,5.719112145673059,40.52004209580156,4.808282138221228,ringan
65,Cibabat Tengah,,2013-11-12,924.0,1.74,271.0,602.0,,150,,50,4,3,25,0.2,1000,5000,18.48,0.4383333333333333,90.33333333333333,24.08,0.0,0.15,0.0,7.33350983442044,0.4383333333333333,10.779240180773716,7.908282412928934,0.0,0.15,0.0,3.801337965922346,10.779240180773716,14.450170331162639,116.19201887480656,8.08214665809676,sedang
66,Cibabat Hilir,,2013-11-12,2040.0,,62.1,283.0,,210,,50,4,3,25,0.2,1000,5000,40.8,0.5833333333333334,20.7,11.32,0.0,0.21,0.0,9.0533008154494,0.5833333333333334,7.57985172728459,6.269232134261264,0.0,0.21,0.0,3.3851025729040845,9.0533008154494,11.458919429081853,81.96225565501678,6.834514433524104,sedang
67,Cibeureum Hulu,,2013-11-12,130.0,4.51,20.7,114.0,,150,,50,4,3,25,0.2,1000,5000,2.6,0.20750000000000002,6.8999999999999995,4.56,0.0,0.15,0.0,3.07486673985409,0.20750000000000002,5.1942454536862765,4.294824213322175,0.0,0.15,0.0,1.845919486694649,5.1942454536862765,3.407418751359036,26.980185833140553,3.8979228176363105,ringan
68,Cibeureum Tengah,,2013-11-11,227.0,1.96,17.9,128.0,,1100,,50,4,3,25,0.2,1000,5000,4.54,0.42,5.966666666666666,5.12,0.0,1.1,0.0,4.285279264285519,0.42,4.8786588813011535,4.546349804879154,0.0,1.2069634257911255,0.0,2.19103591089385,4.8786588813011535,4.800638362826443,23.801312480098623,3.7816630496995014,ringan
69,Cibeureum Hilir,,2013-11-12,118.0,3.53,35.2,131.0,,28,,50,4,3,25,0.2,1000,5000,2.36,0.2891666666666667,11.733333333333334,5.24,0.0,0.028,0.0,2.864560014850533,0.2891666666666667,6.347107043792343,4.596656434918633,0.0,0.028,0.0,2.0179271657468822,6.347107043792343,4.072030046259245,40.28576782535838,4.709447837677875,ringan
70,Cisangkan Hulu,,2013-11-06,289.0,0.23,22.8,112.0,,28,,50,4,3,25,0.2,1000,5000,5.78,0.5641666666666666,7.6000000000000005,4.48,0.0,0.028,0.0,4.809639192102646,0.5641666666666666,5.404067961403957,4.2563900699907204,0.0,0.028,0.0,2.1517519843091413,5.404067961403957,4.630036601978327,29.203950531472717,4.11302729953565,ringan
71,Cisangkan Tengah,,2013-11-06,345.0,0.23,68.4,147.0,,120,,50,4,3,25,0.2,1000,5000,6.9,0.5641666666666666,22.8,5.88,0.0,0.12,0.0,5.1942454536862765,0.5641666666666666,7.789674235002269,4.846886630380693,0.0,0.12,0.0,2.644996140819415,7.789674235002269,6.996004584949599,60.67902468745818,5.817002203558452,sedang
72,Cisangkan Hilir,,2013-11-12,915.0,0.0,135.0,552.0,,120,,50,4,3,25,0.2,1000,5000,18.3,0.5833333333333334,45.0,22.08,0.0,0.12,0.0,7.312255448652148,0.5833333333333334,9.266062568876718,7.719995345285806,0.0,0.12,0.0,3.5716638137354297,9.266062568876718,12.756782398347115,85.8599155303382,7.021990384808474,sedang
73,Cibaligo Hulu,,2013-11-11,289.0,0.795,27.0,73.0,,1100,,50,4,3,25,0.2,1000,5000,5.78,0.5170833333333333,9.0,2.92,0.0,1.1,0.0,4.809639192102646,0.5170833333333333,5.771212547196624,3.3269142572420916,0.0,1.2069634257911255,0.0,2.23311610795226,5.771212547196624,4.98680755159585,33.30689426491975,4.375711474521349,ringan
74,Cibaligo Tengah,,2013-11-11,1480.0,0.0,266.0,493.0,,150,,50,4,3,25,0.2,1000,5000,29.6,0.5833333333333334,88.66666666666667,19.72,0.0,0.15,0.0,8.356458555294694,0.5833333333333334,88.66666666666667,7.474534553025962,0.0,0.15,0.0,15.03299901547438,88.66666666666667,225.99105939925366,7861.777777777778,63.59154360910353,berat
75,Cibaligo hilir,,2013-11-11,648.0,0.0,88.1,373.0,,1100,,50,4,3,25,0.2,1000,5000,12.96,0.5833333333333334,29.366666666666664,14.92,0.0,1.1,0.0,6.563025007672873,0.5833333333333334,8.339273268461927,6.868844115683251,0.0,1.2069634257911255,0.0,3.3659198787060727,8.339273268461927,11.329416629868703,69.54347864608367,6.358965925209553,sedang
76,Cimahi Hulu,,2014-05-06,61.0,7.31,2.49,29.9,,120,,50,4,3,25,0.2,1000,5000,1.22,-0.025833333333333302,0.8300000000000001,1.196,0.0,0.12,0.0,1.431799153373741,2.30928692814949,0.5953904618803697,1.3886558982619601,0.0,0.12,0.0,0.8350189202379372,2.30928692814949,0.6972565971553306,5.332806116522107,1.7363845647893554,ringan
77,cimahi tengah,,2014-05-05,79.0,6.55,5.44,34.8,,1100,,50,4,3,25,0.2,1000,5000,1.58,0.03750000000000001,1.8133333333333335,1.392,0.0,1.1,0.0,1.9932854347721132,0.03750000000000001,2.2923882248925875,1.7181961763727163,0.0,1.1,0.0,1.020195690862488,2.2923882248925875,1.0407992476543892,5.255043773626189,1.7742382902643852,ringan
78,Cimahi hilir,,2014-06-02,278.0,5.18,4.93,33.1,,64,,50,4,3,25,0.2,1000,5000,5.56,0.1516666666666667,1.6433333333333333,1.324,0.0,0.064,0.0,4.725373957910287,0.1516666666666667,2.078628322787838,1.6094399255184058,0.0,0.064,0.0,1.232729838983314,4.725373957910287,1.519622855919827,22.329159042096734,3.453171143891985,ringan
79,Cibabat Hulu,,2014-05-07,298.0,0.763,33.5,116.0,,1100,,50,4,3,25,0.2,1000,5000,5.96,0.51975,11.166666666666666,4.64,0.0,1.1,0.0,4.876231298701182,0.51975,6.239617761585914,4.332589902774404,0.0,1.1,0.0,2.438312709008786,6.239617761585914,5.945368866913766,38.932829810698415,4.736992647113365,ringan
80,Cibabat Tengah,,2014-05-08,884.0,4.01,92.6,234.0,,120,,50,4,3,25,0.2,1000,5000,17.68,0.24916666666666668,30.866666666666664,9.36,0.0,0.12,0.0,7.237411303385272,0.24916666666666668,8.447448659811359,5.856379243690526,0.0,0.12,0.0,3.1300579819362606,8.447448659811359,9.797262970282896,71.35938886014873,6.37011192328799,sedang
81,Cibabat Hilir,,2014-06-02,942.0,0.0,129.0,280.0,,460,,50,4,3,25,0.2,1000,5000,18.84,0.5833333333333334,43.0,11.2,0.0,0.46,0.0,7.375404492284292,0.5833333333333334,9.167342277897932,6.246090113350908,0.0,0.46,0.0,3.4045957452666378,9.167342277897932,11.591272188687693,84.04016444013484,6.914891055859902,sedang
82,Cibeureum Hulu,,2014-05-21,321.0,3.56,8.68,112.0,,14,,50,4,3,25,0.2,1000,5000,6.42,0.2866666666666667,2.893333333333333,4.48,0.0,0.014,0.0,5.037675140344266,0.2866666666666667,3.306992352284147,4.2563900699907204,0.0,0.014,0.0,1.8431034613265427,5.037675140344266,3.3970303691538826,25.378170819642623,3.7930990752151796,ringan
83,Cibeureum Tengah,,2014-05-09,329.0,4.39,18.9,118.0,,18,,50,4,3,25,0.2,1000,5000,6.58,0.21750000000000003,6.3,4.72,0.0,0.018,0.0,5.091129468069777,0.21750000000000003,4.996702747267909,4.369709993170439,0.0,0.018,0.0,2.099006029786875,5.091129468069777,4.4058263130816595,25.919599260648454,3.8939328174565437,ringan
84,Cibeureum Hilir,,2014-06-02,562.0,1.34,23.6,91.9,,20,,50,4,3,25,0.2,1000,5000,11.24,0.4716666666666667,7.866666666666667,3.676,0.0,0.02,0.0,6.253831556165212,0.4716666666666667,5.478953741252221,3.826877513570368,0.0,0.02,0.0,2.293047068236352,6.253831556165212,5.25806485714733,39.11040913288779,4.710014542973043,ringan
85,Cisangkan Hulu,,2014-05-06,134.0,2.86,11.6,80.4,,28,,50,4,3,25,0.2,1000,5000,2.68,0.34500000000000003,3.8666666666666667,3.216,0.0,0.028,0.0,3.1406739701439443,0.34500000000000003,3.9366836725362804,3.5365802003820686,0.0,0.028,0.0,1.5695625490088994,3.9366836725362804,2.4635265952513135,15.497478337613735,2.996748649191741,ringan
86,Cisangkan Tengah,,2014-05-05,260.0,0.858,88.5,196.0,,120,,50,4,3,25,0.2,1000,5000,5.2,0.5118333333333334,29.5,7.84,0.0,0.12,0.0,4.580016718173996,0.5118333333333334,8.349110079890815,5.4715803134221925,0.0,0.12,0.0,2.7189343492600484,8.349110079890815,7.392603995586163,69.70763912613441,6.208874419801087,sedang
87,Cisangkan Hilir,,2014-06-02,542.0,0.0,47.1,190.0,,43,,50,4,3,25,0.2,1000,5000,10.84,0.5833333333333334,15.700000000000001,7.6,0.0,0.043,0.0,6.17514641101184,0.5833333333333334,6.979498262046169,5.404067961403957,0.0,0.043,0.0,2.7407208525421853,6.979498262046169,7.511550791559563,48.71339598990549,5.302119707318247,sedang
88,Cibaligo Hulu,,2014-05-07,327.0,0.0,44.8,340.0,,1100,,50,4,3,25,0.2,1000,5000,6.54,0.5833333333333334,14.933333333333332,13.6,0.0,1.1,0.0,5.0778887416213365,0.5833333333333334,6.870783796392408,6.667694541851088,0.0,1.1,0.0,2.8999572018854525,6.870783796392408,8.409751772767303,47.20766997676848,5.273396521670629,sedang
89,Cibaligo Tengah,,2014-05-08,596.0,2.22,1.87,395.0,,20,,50,4,3,25,0.2,1000,5000,11.92,0.39833333333333326,0.6233333333333334,15.8,0.0,0.02,0.0,6.381381277021088,0.39833333333333326,0.6233333333333334,6.993285434772114,0.0,0.02,0.0,2.059476196922838,6.993285434772114,4.241442205691757,48.90604117219579,5.154972520677853,sedang
90,Cibaligo hilir,,2014-06-02,1510.0,1.08,93.6,290.0,,210,,50,4,3,25,0.2,1000,5000,30.2,0.49333333333333335,31.2,11.6,0.0,0.21,0.0,8.400034714785752,0.49333333333333335,8.470772970092215,6.322289946134592,0.0,0.21,0.0,3.413775852049413,8.470772970092215,11.653865568035696,71.75399471084488,6.4578580148095766,sedang
91,Cimahi Hulu,,2015-10-12,105.0,7.82,2.0,18.4,,18,75.0,50,4,3,25,0.2,1000,5000,2.1,-0.06833333333333336,0.6666666666666666,0.736,0.0,0.018,0.015,2.6110964736695967,2.4557338086594283,0.6666666666666666,0.736,0.0,0.018,0.015,0.9289281355708131,2.6110964736695967,0.862907481055067,6.817824794809803,1.9596852139903578,ringan
92,cimahi tengah,,2015-10-12,181.0,2.16,5.73,35.6,,28,150.0,50,4,3,25,0.2,1000,5000,3.62,0.4033333333333333,1.9100000000000001,1.4240000000000002,0.0,0.028,0.03,3.7935428526658286,0.4033333333333333,2.405166836238638,1.7675499465041882,0.0,0.028,0.03,1.203941852677427,3.7935428526658286,1.4494759846283554,14.390967375011993,2.8142888408655167,ringan
93,Cimahi hilir,,2015-10-19,1776.0,0.0,106.0,762.0,,150,1100.0,50,4,3,25,0.2,1000,5000,35.52,0.5833333333333334,35.333333333333336,30.48,0.0,0.15,0.22,8.752364785532817,0.5833333333333334,8.740923052725538,8.420074813337814,0.0,0.15,0.22,3.8380994264184998,8.752364785532817,14.731007207074017,76.60388933903492,6.7577694746901855,sedang
94,Cibabat Hulu,,2015-10-12,492.0,0.0,76.8,202.0,,93,150.0,50,4,3,25,0.2,1000,5000,9.84,0.5833333333333334,25.599999999999998,8.08,0.0,0.093,0.03,5.964975492156707,0.5833333333333334,8.041199826559248,5.537056803872931,0.0,0.093,0.03,2.892795065131746,8.041199826559248,8.368263288850581,64.66089465065649,6.042729430460505,sedang
95,Cibabat Tengah,,2015-10-08,2350.0,1.18,118.0,410.0,,43,460.0,50,4,3,25,0.2,1000,5000,47.0,0.48500000000000004,39.333333333333336,16.4,0.0,0.043,0.092,9.360489289678588,0.48500000000000004,8.973803762932315,7.074219240238489,0.0,0.043,0.092,3.718358898978484,9.360489289678588,13.826192901612483,87.61875974218756,7.121971378902054,sedang
96,Cibabat Hilir,,2015-10-19,1680.0,0.0,282.0,763.0,,20,210.0,50,4,3,25,0.2,1000,5000,33.6,0.5833333333333334,94.0,30.52,0.0,0.02,0.042,8.631696386949221,0.5833333333333334,10.865639267998493,8.422922646414214,0.0,0.02,0.042,4.0807988049564665,10.865639267998493,16.652918886534124,118.06211670227081,8.207162590956905,sedang
97,Cibeureum Hulu,,2015-10-08,386.0,2.98,23.1,118.0,,150,210.0,50,4,3,25,0.2,1000,5000,7.72,0.33499999999999996,7.7,4.72,0.0,0.15,0.042,5.438086501678681,0.33499999999999996,5.43245362586241,4.369709993170439,0.0,0.15,0.042,2.25246430295879,5.438086501678681,5.073595436103627,29.572784799739875,4.162113659899469,ringan
98,Cibeureum Tengah,,2015-10-08,413.0,0.858,25.4,126.0,,120,1100.0,50,4,3,25,0.2,1000,5000,8.26,0.5118333333333334,8.466666666666667,5.04,0.0,0.12,0.22,5.584900236601911,0.5118333333333334,5.638562309501379,4.512152682227627,0.0,0.12,0.22,2.3696355088091785,5.638562309501379,5.6151724446093345,31.79338491812952,4.324844353427003,ringan
99,Cibeureum Hilir,,2015-10-19,620.0,0.0,62.0,270.0,,210,1100.0,50,4,3,25,0.2,1000,5000,12.4,0.5833333333333334,20.666666666666668,10.8,0.0,0.21,0.22,6.467108425811176,0.5833333333333334,7.576352173892958,6.167118777434748,0.0,0.21,0.22,3.031987530067459,7.576352173892958,9.19294838248457,57.40111226285255,5.770357902476116,sedang
100,Cisangkan Hulu,,2015-10-12,385.0,0.0,72.3,187.0,,210,1100.0,50,4,3,25,0.2,1000,5000,7.7,0.5833333333333334,24.099999999999998,7.48,0.0,0.21,0.22,5.43245362586241,0.5833333333333334,7.910085212874342,5.369507989322307,0.0,0.21,0.22,2.8179114516274844,7.910085212874342,7.9406249492133165,62.56944807493332,5.937595179201199,sedang
101,Cisangkan Tengah,,2015-10-12,451.0,0.0,71.9,246.0,,43,1100.0,50,4,3,25,0.2,1000,5000,9.02,0.5833333333333334,23.96666666666667,9.84,0.0,0.043,0.22,5.776032687709709,0.5833333333333334,7.898038178316101,5.964975492156707,0.0,0.043,0.22,2.926482813073693,7.898038178316101,8.564301655215715,62.37900706613872,5.9558084556739415,sedang
102,Cisangkan Hilir,,2015-10-19,2550.0,0.0,39.4,315.0,,28,120.0,50,4,3,25,0.2,1000,5000,51.0,0.5833333333333334,13.133333333333333,12.6,0.0,0.028,0.024,9.537850880489682,0.5833333333333334,6.591874835529559,6.501852725587815,0.0,0.028,0.024,3.3238445392771987,9.537850880489682,11.047942521282854,90.9705994184578,7.142077496770132,sedang
103,Cibaligo Hulu,,2015-10-08,414.0,0.0,52.7,176.0,,460,1100.0,50,4,3,25,0.2,1000,5000,8.28,0.5833333333333334,17.566666666666666,7.04,0.0,0.46,0.22,5.5901516839244,0.5833333333333334,7.223446802464421,5.237863295710561,0.0,0.46,0.22,2.7592564450618164,7.223446802464421,7.613496129615173,52.17818370803347,5.467708836324802,sedang
104,Cibaligo Tengah,,2015-10-08,1010.0,0.0,315.0,778.0,,75,150.0,50,4,3,25,0.2,1000,5000,20.2,0.5833333333333334,105.0,31.12,0.0,0.075,0.03,7.526756847233118,0.5833333333333334,11.105946495349691,8.465197941588256,0.0,0.075,0.03,3.9694620882149145,11.105946495349691,15.75662926977551,123.3420475575701,8.33962459668736,sedang
105,Cibaligo hilir,,2015-10-19,1752.0,0.0,63.8,627.0,,18,43.0,50,4,3,25,0.2,1000,5000,35.04,0.5833333333333334,21.266666666666666,25.08,0.0,0.018,0.0086,8.722820487480215,0.5833333333333334,7.638497120007499,7.996637660793395,0.0,0.018,0.0086,3.566841228802064,8.722820487480215,12.722356351482219,76.08759725680457,6.663705936199721,sedang
106,Cimahi Hulu,,2014-05-06,61.0,7.31,2.49,29.9,,120,,50,4,3,25,0.2,1000,5000,1.22,-0.025833333333333302,0.8300000000000001,1.196,0.0,0.12,0.0,1.431799153373741,2.30928692814949,0.5953904618803697,1.3886558982619601,0.0,0.12,0.0,0.8350189202379372,2.30928692814949,0.6972565971553306,5.332806116522107,1.7363845647893554,ringan
107,cimahi tengah,,2014-05-05,79.0,6.55,5.44,34.8,,1100,,50,4,3,25,0.2,1000,5000,1.58,0.03750000000000001,1.8133333333333335,1.392,0.0,1.1,0.0,1.9932854347721132,0.03750000000000001,2.2923882248925875,1.7181961763727163,0.0,1.1,0.0,1.020195690862488,2.2923882248925875,1.0407992476543892,5.255043773626189,1.7742382902643852,ringan
108,Cimahi hilir,,2014-06-02,278.0,5.18,4.93,33.1,,64,,50,4,3,25,0.2,1000,5000,5.56,0.1516666666666667,1.6433333333333333,1.324,0.0,0.064,0.0,4.725373957910287,0.1516666666666667,2.078628322787838,1.6094399255184058,0.0,0.064,0.0,1.232729838983314,4.725373957910287,1.519622855919827,22.329159042096734,3.453171143891985,ringan
109,Cibabat Hulu,,2014-05-07,298.0,0.763,33.5,116.0,,1100,,50,4,3,25,0.2,1000,5000,5.96,0.51975,11.166666666666666,4.64,0.0,1.1,0.0,4.876231298701182,0.51975,6.239617761585914,4.332589902774404,0.0,1.1,0.0,2.438312709008786,6.239617761585914,5.945368866913766,38.932829810698415,4.736992647113365,ringan
110,Cibabat Tengah,,2014-05-08,884.0,4.01,92.6,234.0,,120,,50,4,3,25,0.2,1000,5000,17.68,0.24916666666666668,30.866666666666664,9.36,0.0,0.12,0.0,7.237411303385272,0.24916666666666668,8.447448659811359,5.856379243690526,0.0,0.12,0.0,3.1300579819362606,8.447448659811359,9.797262970282896,71.35938886014873,6.37011192328799,sedang
111,Cibabat Hilir,,2014-06-02,942.0,0.0,129.0,280.0,,460,,50,4,3,25,0.2,1000,5000,18.84,0.5833333333333334,43.0,11.2,0.0,0.46,0.0,7.375404492284292,0.5833333333333334,9.167342277897932,6.246090113350908,0.0,0.46,0.0,3.4045957452666378,9.167342277897932,11.591272188687693,84.04016444013484,6.914891055859902,sedang
112,Cibeureum Hulu,,2014-05-21,321.0,3.56,8.68,112.0,,14,,50,4,3,25,0.2,1000,5000,6.42,0.2866666666666667,2.893333333333333,4.48,0.0,0.014,0.0,5.037675140344266,0.2866666666666667,3.306992352284147,4.2563900699907204,0.0,0.014,0.0,1.8431034613265427,5.037675140344266,3.3970303691538826,25.378170819642623,3.7930990752151796,ringan
113,Cibeureum Tengah,,2014-05-09,329.0,4.39,18.9,118.0,,18,,50,4,3,25,0.2,1000,5000,6.58,0.21750000000000003,6.3,4.72,0.0,0.018,0.0,5.091129468069777,0.21750000000000003,4.996702747267909,4.369709993170439,0.0,0.018,0.0,2.099006029786875,5.091129468069777,4.4058263130816595,25.919599260648454,3.8939328174565437,ringan
114,Cibeureum Hilir,,2014-06-02,562.0,1.34,23.6,91.9,,20,,50,4,3,25,0.2,1000,5000,11.24,0.4716666666666667,7.866666666666667,3.676,0.0,0.02,0.0,6.253831556165212,0.4716666666666667,5.478953741252221,3.826877513570368,0.0,0.02,0.0,2.293047068236352,6.253831556165212,5.25806485714733,39.11040913288779,4.710014542973043,ringan
115,Cisangkan Hulu,,2014-05-06,134.0,2.86,11.6,80.4,,28,,50,4,3,25,0.2,1000,5000,2.68,0.34500000000000003,3.8666666666666667,3.216,0.0,0.028,0.0,3.1406739701439443,0.34500000000000003,3.9366836725362804,3.5365802003820686,0.0,0.028,0.0,1.5695625490088994,3.9366836725362804,2.4635265952513135,15.497478337613735,2.996748649191741,ringan
116,Cisangkan Tengah,,2014-05-05,260.0,0.858,88.5,196.0,,120,,50,4,3,25,0.2,1000,5000,5.2,0.5118333333333334,29.5,7.84,0.0,0.12,0.0,4.580016718173996,0.5118333333333334,8.349110079890815,5.4715803134221925,0.0,0.12,0.0,2.7189343492600484,8.349110079890815,7.392603995586163,69.70763912613441,6.208874419801087,sedang
117,Cisangkan Hilir,,2014-06-02,542.0,0.0,47.1,190.0,,43,,50,4,3,25,0.2,1000,5000,10.84,0.5833333333333334,15.700000000000001,7.6,0.0,0.043,0.0,6.17514641101184,0.5833333333333334,6.979498262046169,5.404067961403957,0.0,0.043,0.0,2.7407208525421853,6.979498262046169,7.511550791559563,48.71339598990549,5.302119707318247,sedang
118,Cibaligo Hulu,,2014-05-07,327.0,0.0,44.8,340.0,,1100,,50,4,3,25,0.2,1000,5000,6.54,0.5833333333333334,14.933333333333332,13.6,0.0,1.1,0.0,5.0778887416213365,0.5833333333333334,6.870783796392408,6.667694541851088,0.0,1.1,0.0,2.8999572018854525,6.870783796392408,8.409751772767303,47.20766997676848,5.273396521670629,sedang
119,Cibaligo Tengah,,2014-05-08,596.0,2.22,1.87,395.0,,20,,50,4,3,25,0.2,1000,5000,11.92,0.39833333333333326,0.6233333333333334,15.8,0.0,0.02,0.0,6.381381277021088,0.39833333333333326,0.6233333333333334,6.993285434772114,0.0,0.02,0.0,2.059476196922838,6.993285434772114,4.241442205691757,48.90604117219579,5.154972520677853,sedang
120,Cibaligo hilir,,2014-06-02,1510.0,1.08,93.6,290.0,,210,,50,4,3,25,0.2,1000,5000,30.2,0.49333333333333335,31.2,11.6,0.0,0.21,0.0,8.400034714785752,0.49333333333333335,8.470772970092215,6.322289946134592,0.0,0.21,0.0,3.413775852049413,8.470772970092215,11.653865568035696,71.75399471084488,6.4578580148095766,sedang
121,Cimahi Hulu,,2015-10-12,105.0,7.82,2.0,18.4,,18,75.0,50,4,3,25,0.2,1000,5000,2.1,-0.06833333333333336,0.6666666666666666,0.736,0.0,0.018,0.015,2.6110964736695967,2.4557338086594283,0.6666666666666666,0.736,0.0,0.018,0.015,0.9289281355708131,2.6110964736695967,0.862907481055067,6.817824794809803,1.9596852139903578,ringan
122,cimahi tengah,,2015-10-12,181.0,2.16,5.73,35.6,,28,150.0,50,4,3,25,0.2,1000,5000,3.62,0.4033333333333333,1.9100000000000001,1.4240000000000002,0.0,0.028,0.03,3.7935428526658286,0.4033333333333333,2.405166836238638,1.7675499465041882,0.0,0.028,0.03,1.203941852677427,3.7935428526658286,1.4494759846283554,14.390967375011993,2.8142888408655167,ringan
123,Cimahi hilir,,2015-10-19,1776.0,0.0,106.0,762.0,,150,1100.0,50,4,3,25,0.2,1000,5000,35.52,0.5833333333333334,35.333333333333336,30.48,0.0,0.15,0.22,8.752364785532817,0.5833333333333334,8.740923052725538,8.420074813337814,0.0,0.15,0.22,3.8380994264184998,8.752364785532817,14.731007207074017,76.60388933903492,6.7577694746901855,sedang
124,Cibabat Hulu,,2015-10-12,492.0,0.0,76.8,202.0,,93,150.0,50,4,3,25,0.2,1000,5000,9.84,0.5833333333333334,25.599999999999998,8.08,0.0,0.093,0.03,5.964975492156707,0.5833333333333334,8.041199826559248,5.537056803872931,0.0,0.093,0.03,2.892795065131746,8.041199826559248,8.368263288850581,64.66089465065649,6.042729430460505,sedang
125,Cibabat Tengah,,2015-10-08,2350.0,1.18,118.0,410.0,,43,460.0,50,4,3,25,0.2,1000,5000,47.0,0.48500000000000004,39.333333333333336,16.4,0.0,0.043,0.092,9.360489289678588,0.48500000000000004,8.973803762932315,7.074219240238489,0.0,0.043,0.092,3.718358898978484,9.360489289678588,13.826192901612483,87.61875974218756,7.121971378902054,sedang
126,Cibabat Hilir,,2015-10-19,1680.0,0.0,282.0,763.0,,20,210.0,50,4,3,25,0.2,1000,5000,33.6,0.5833333333333334,94.0,30.52,0.0,0.02,0.042,8.631696386949221,0.5833333333333334,10.865639267998493,8.422922646414214,0.0,0.02,0.042,4.0807988049564665,10.865639267998493,16.652918886534124,118.06211670227081,8.207162590956905,sedang
127,Cibeureum Hulu,,2015-10-08,386.0,2.98,23.1,118.0,,150,210.0,50,4,3,25,0.2,1000,5000,7.72,0.33499999999999996,7.7,4.72,0.0,0.15,0.042,5.438086501678681,0.33499999999999996,5.43245362586241,4.369709993170439,0.0,0.15,0.042,2.25246430295879,5.438086501678681,5.073595436103627,29.572784799739875,4.162113659899469,ringan
128,Cibeureum Tengah,,2015-10-08,413.0,0.858,25.4,126.0,,120,1100.0,50,4,3,25,0.2,1000,5000,8.26,0.5118333333333334,8.466666666666667,5.04,0.0,0.12,0.22,5.584900236601911,0.5118333333333334,5.638562309501379,4.512152682227627,0.0,0.12,0.22,2.3696355088091785,5.638562309501379,5.6151724446093345,31.79338491812952,4.324844353427003,ringan
129,Cibeureum Hilir,,2015-10-19,620.0,0.0,62.0,270.0,,210,1100.0,50,4,3,25,0.2,1000,5000,12.4,0.5833333333333334,20.666666666666668,10.8,0.0,0.21,0.22,6.467108425811176,0.5833333333333334,7.576352173892958,6.167118777434748,0.0,0.21,0.22,3.031987530067459,7.576352173892958,9.19294838248457,57.40111226285255,5.770357902476116,sedang
130,Cisangkan Hulu,,2015-10-12,385.0,0.0,72.3,187.0,,210,1100.0,50,4,3,25,0.2,1000,5000,7.7,0.5833333333333334,24.099999999999998,7.48,0.0,0.21,0.22,5.43245362586241,0.5833333333333334,7.910085212874342,5.369507989322307,0.0,0.21,0.22,2.8179114516274844,7.910085212874342,7.9406249492133165,62.56944807493332,5.937595179201199,sedang
131,Cisangkan Tengah,,2015-10-12,451.0,0.0,71.9,246.0,,43,1100.0,50,4,3,25,0.2,1000,5000,9.02,0.5833333333333334,23.96666666666667,9.84,0.0,0.043,0.22,5.776032687709709,0.5833333333333334,7.898038178316101,5.964975492156707,0.0,0.043,0.22,2.926482813073693,7.898038178316101,8.564301655215715,62.37900706613872,5.9558084556739415,sedang
132,Cisangkan Hilir,,2015-10-19,2550.0,0.0,39.4,315.0,,28,120.0,50,4,3,25,0.2,1000,5000,51.0,0.5833333333333334,13.133333333333333,12.6,0.0,0.028,0.024,9.537850880489682,0.5833333333333334,6.591874835529559,6.501852725587815,0.0,0.028,0.024,3.3238445392771987,9.537850880489682,11.047942521282854,90.9705994184578,7.142077496770132,sedang
133,Cibaligo Hulu,,2015-10-08,414.0,0.0,52.7,176.0,,460,1100.0,50,4,3,25,0.2,1000,5000,8.28,0.5833333333333334,17.566666666666666,7.04,0.0,0.46,0.22,5.5901516839244,0.5833333333333334,7.223446802464421,5.237863295710561,0.0,0.46,0.22,2.7592564450618164,7.223446802464421,7.613496129615173,52.17818370803347,5.467708836324802,sedang
134,Cibaligo Tengah,,2015-10-08,1010.0,0.0,315.0,778.0,,75,150.0,50,4,3,25,0.2,1000,5000,20.2,0.5833333333333334,105.0,31.12,0.0,0.075,0.03,7.526756847233118,0.5833333333333334,11.105946495349691,8.465197941588256,0.0,0.075,0.03,3.9694620882149145,11.105946495349691,15.75662926977551,123.3420475575701,8.33962459668736,sedang
135,Cibaligo hilir,,2015-10-19,1752.0,0.0,63.8,627.0,,18,43.0,50,4,3,25,0.2,1000,5000,35.04,0.5833333333333334,21.266666666666666,25.08,0.0,0.018,0.0086,8.722820487480215,0.5833333333333334,7.638497120007499,7.996637660793395,0.0,0.018,0.0086,3.566841228802064,8.722820487480215,12.722356351482219,76.08759725680457,6.663705936199721,sedang
138,Cimahi Hilir," E 107° 32' 304"" S 06° 55' 203"" ",2016-04-01,19.3,5.12,15.7,111.0,0.246,75,75.0,50,4,3,25,0.2,1000,5000,0.386,0.15666666666666665,5.233333333333333,4.44,1.23,0.075,0.015,0.386,0.15666666666666665,5.233333333333333,4.44,1.23,0.075,-8.119543704721595,0.4859223278969151,5.233333333333333,0.23612050874875706,27.387777777777778,3.7164430768226855,ringan
141,Cisangkan Hilir,"E 107° 32' 006""  S 6° 55' 092"" ",2016-04-01,19.3,2.0,45.2,83.9,3.65,150,210.0,50,4,3,25,0.2,1000,5000,0.386,0.4166666666666667,15.066666666666668,3.3560000000000003,18.25,0.15,0.042,0.386,0.4166666666666667,15.066666666666668,3.3560000000000003,18.25,0.15,-5.883753548010497,4.534511397903263,18.25,20.561793617714606,333.0625,13.297072866193421,berat
143,Cibabat Tengah,E 107´32.892´ S 06´54.016´,2016-04-01,27.6,4.9,17.9,105.0,0.339,75,150.0,50,4,3,25,0.2,1000,5000,0.552,0.17499999999999996,5.966666666666666,4.2,1.695,0.075,0.03,0.552,0.17499999999999996,5.966666666666666,4.2,1.695,0.075,-6.614393726401688,0.8641818486092826,5.966666666666666,0.7468102674657571,35.6011111111111,4.263092854875252,ringan
144,Cibabat Hilir,"E 107° 33' 008""  S 06° 55' 502"" ",2016-04-01,28.8,,20.8,211.0,0.452,120,150.0,50,4,3,25,0.2,1000,5000,0.5760000000000001,0.5833333333333334,6.933333333333334,8.44,2.26,0.12,0.03,0.5760000000000001,0.5833333333333334,6.933333333333334,8.44,2.26,0.12,-6.614393726401688,1.756896134323568,8.44,3.086684026801097,71.2336,6.095911909911473,sedang
145,Cibaligo Hulu,E 107´33.329´ S 06´53.876´,2016-04-01,77.5,3.27,9.86,52.7,0.03,20,75.0,50,4,3,25,0.2,1000,5000,1.55,0.31083333333333335,3.2866666666666666,2.108,0.15,0.02,0.015,1.55,0.31083333333333335,3.2866666666666666,2.108,0.15,0.02,-8.119543704721595,-0.09914910067451364,3.2866666666666666,0.009830544164564841,10.802177777777777,2.325081538564007,ringan
146,Cibaligo Tengah,E 107´33.108' S 06´54.523´,2016-04-01,31.3,5.2,8.34,162.0,0.043,18,18.0,50,4,3,25,0.2,1000,5000,0.626,0.15,2.78,6.48,0.21499999999999997,0.018,0.0036,0.626,0.15,2.78,6.48,0.21499999999999997,0.018,-11.218487496163563,-0.13564107088050875,6.48,0.0183985001096112,41.99040000000001,4.583055667352821,ringan
147,Cibaligo Hilir,"E 107° 32' 630"" S 06° 55' 270"" ",2016-04-01,19.3,5.12,15.7,117.0,0.28,75,75.0,50,4,3,25,0.2,1000,5000,0.386,0.15666666666666665,5.233333333333333,4.68,1.4000000000000001,0.075,0.015,0.386,0.15666666666666665,5.233333333333333,4.68,1.4000000000000001,0.075,-8.119543704721595,0.5444937564683434,5.233333333333333,0.2964734508330077,27.387777777777778,3.720500720911823,ringan
148,Cibeureum Hulu,"E 107° 34' 130"" S 06° 54' 622""",2016-04-01,33.0,4.9,10.0,64.0,0.153,210,1100.0,50,4,3,25,0.2,1000,5000,0.66,0.17499999999999996,3.3333333333333335,2.56,0.7649999999999999,0.21,0.22,0.66,0.17499999999999996,3.3333333333333335,2.56,0.7649999999999999,0.21,-2.2878865958889687,0.7736352482063378,3.3333333333333335,0.5985114972672818,11.111111111111112,2.4196717347998256,ringan
149,Cibeureum Tengah,E 107´33.923´ S 06´55.164´,2016-04-01,59.8,3.85,18.2,64.7,0.198,75,150.0,50,4,3,25,0.2,1000,5000,1.196,0.2625,6.066666666666666,2.588,0.99,0.075,0.03,1.196,0.2625,6.066666666666666,2.588,0.99,0.075,-6.614393726401688,0.6519675628949969,6.066666666666666,0.4250617030672417,36.80444444444444,4.314481785076377,ringan
150,Cibeureum Hilir,E 107´34.130´ S 06´54.622´,2016-04-01,59.3,4.42,4.65,39.6,0.154,93,150.0,50,4,3,25,0.2,1000,5000,1.186,0.215,1.55,1.584,0.7699999999999999,0.093,0.03,1.186,0.215,1.55,1.584,0.7699999999999999,0.093,-6.614393726401688,-0.1737705323430983,1.584,0.030196197910803774,2.509056,1.1267768629837063,ringan
151,Cimahi Hulu, E 107´33.618´ S 06´51.309´,2016-11-01,24.0,2.0,2.4,31.0,,75,1100.0,50,4,3,25,0.2,1000,5000,0.48,0.4166666666666667,0.7999999999999999,1.24,0.0,0.075,0.22,0.48,0.4166666666666667,0.7999999999999999,1.24,0.0,0.075,-2.2878865958889687,0.10339715296824258,1.24,0.010690971241938154,1.5376,0.8798553776734953,memenuhi
152,Cimahi Tengah,"E 107° 32' 466"" S 06´53.606´ ",2016-11-01,76.0,7.0,12.8,26.0,,75,1100.0,50,4,3,25,0.2,1000,5000,1.52,0.0,4.266666666666667,1.04,0.0,0.075,0.22,1.52,0.0,4.266666666666667,1.04,0.0,0.075,-2.2878865958889687,0.6591114386825284,4.266666666666667,0.4344278886021524,18.204444444444444,3.052775158200043,ringan
153,Cimahi Hilir," E 107° 32' 304"" S 06° 55' 203"" ",2016-11-01,102.0,5.0,11.0,30.0,,460,1100.0,50,4,3,25,0.2,1000,5000,2.04,0.16666666666666666,3.6666666666666665,1.2,0.0,0.46,0.22,2.04,0.16666666666666666,3.6666666666666665,1.2,0.0,0.46,-2.2878865958889687,0.7493495339206235,3.6666666666666665,0.5615247239870558,13.444444444444443,2.6463152843559192,ringan
154,Cisangkan Hulu,E 107´32.181´ S 06´52.223´,2016-11-01,36.0,4.4,9.0,50.3,,1100,1100.0,50,4,3,25,0.2,1000,5000,0.72,0.21666666666666665,3.0,2.012,0.0,1.1,0.22,0.72,0.21666666666666665,3.0,2.012,0.0,1.1,-2.2878865958889687,0.6801114386825281,3.0,0.4625515690268182,9.0,2.1751496004903683,ringan
155,Cisangkan Tengah,E 108´31.818´ S 06´52.867´,2016-11-01,82.0,3.4,18.0,74.0,,210,1100.0,50,4,3,25,0.2,1000,5000,1.64,0.3,6.0,2.96,0.0,0.21,0.22,1.64,0.3,6.0,2.96,0.0,0.21,-2.2878865958889687,1.2603019148730044,6.0,1.5883609166325616,36.0,4.335225537191379,ringan
156,Cisangkan Hilir,"E 107° 32' 006""  S 6° 55' 092"" ",2016-11-01,17.0,0.2,28.0,96.0,,1100,1100.0,50,4,3,25,0.2,1000,5000,0.34,0.5666666666666667,9.333333333333334,3.84,0.0,1.1,0.22,0.34,0.5666666666666667,9.333333333333334,3.84,0.0,1.1,-2.2878865958889687,1.8417304863015758,9.333333333333334,3.3919711841726388,87.11111111111113,6.72692657516357,sedang
157,Cibabat Hulu,E 107´33.694´ S 06´53.373´,2016-11-01,21.0,7.0,17.0,66.0,,1100,1100.0,50,4,3,25,0.2,1000,5000,0.42,0.0,5.666666666666667,2.64,0.0,1.1,0.22,0.42,0.0,5.666666666666667,2.64,0.0,1.1,-2.2878865958889687,1.076968581539671,5.666666666666667,1.159861325623571,32.111111111111114,4.078662307468877,ringan
158,Cibabat Tengah,E 107´32.892´ S 06´54.016´,2016-11-01,122.0,1.0,148.0,362.0,,120,1100.0,50,4,3,25,0.2,1000,5000,2.44,0.5,49.333333333333336,14.48,0.0,0.12,0.22,2.44,0.5,49.333333333333336,14.48,0.0,0.12,-2.2878865958889687,9.226492391063482,49.333333333333336,85.12816184235234,2433.777777777778,35.48877244721301,berat
159,Cibabat Hilir,"E 107° 33' 008""  S 06° 55' 502"" ",2016-11-01,49.0,,109.0,385.0,,1100,1100.0,50,4,3,25,0.2,1000,5000,0.98,0.5833333333333334,36.333333333333336,15.4,0.0,1.1,0.22,0.98,0.5833333333333334,36.333333333333336,15.4,0.0,1.1,-2.2878865958889687,7.444111438682528,36.333333333333336,55.41479511152406,1320.1111111111113,26.225235043967054,berat
160,Cibaligo Hulu,E 107´33.329´ S 06´53.876´,2016-11-01,31.0,5.0,8.0,31.0,,460,1100.0,50,4,3,25,0.2,1000,5000,0.62,0.16666666666666666,2.6666666666666665,1.24,0.0,0.46,0.22,0.62,0.16666666666666666,2.6666666666666665,1.24,0.0,0.46,-2.2878865958889687,0.4093495339206235,2.6666666666666665,0.1675670409210317,7.111111111111111,1.9077051858230274,ringan
161,Cibaligo Tengah,E 107´33.108' S 06´54.523´,2016-11-01,49.0,2.4,76.0,196.0,,1100,1100.0,50,4,3,25,0.2,1000,5000,0.98,0.3833333333333333,25.333333333333332,7.84,0.0,1.1,0.22,0.98,0.3833333333333333,25.333333333333332,7.84,0.0,1.1,-2.2878865958889687,4.764111438682527,25.333333333333332,22.6967578001857,641.7777777777777,18.227376876253523,berat
162,Cibaligo Hilir,"E 107° 32' 630"" S 06° 55' 270"" ",2016-11-01,39.0,0.3,76.0,270.0,,210,1100.0,50,4,3,25,0.2,1000,5000,0.78,0.5583333333333333,25.333333333333332,10.8,0.0,0.21,0.22,0.78,0.5583333333333333,25.333333333333332,10.8,0.0,0.21,-2.2878865958889687,5.056254295825385,25.333333333333332,25.565707504052657,641.7777777777777,18.266683953058234,berat
163,Cibeureum Hulu,"E 107° 34' 130"" S 06° 54' 622""",2016-11-01,33.0,4.9,10.0,64.0,,210,1100.0,50,4,3,25,0.2,1000,5000,0.66,0.17499999999999996,3.3333333333333335,2.56,0.0,0.21,0.22,0.66,0.17499999999999996,3.3333333333333335,2.56,0.0,0.21,-2.2878865958889687,0.6643495339206236,3.3333333333333335,0.44136030322054975,11.111111111111112,2.4033800588267,ringan
164,Cibeureum Tengah,E 107´33.923´ S 06´55.164´,2016-11-01,72.0,5.0,11.0,45.0,,1100,1100.0,50,4,3,25,0.2,1000,5000,1.44,0.16666666666666666,3.6666666666666665,1.8,0.0,1.1,0.22,1.44,0.16666666666666666,3.6666666666666665,1.8,0.0,1.1,-2.2878865958889687,0.8407781053491951,3.6666666666666665,0.7069078224345822,13.444444444444443,2.660014310758405,ringan
165,Cibeureum Hilir,E 107´32.714´ S 06´55.918´,2016-11-01,17.0,3.5,20.0,61.0,,460,1100.0,50,4,3,25,0.2,1000,5000,0.34,0.2916666666666667,6.666666666666667,2.44,0.0,0.46,0.22,0.34,0.2916666666666667,6.666666666666667,2.44,0.0,0.46,-2.2878865958889687,1.1300638196349093,6.666666666666667,1.277044236447841,44.44444444444445,4.781291074641466,ringan
166,Cimahi Hulu,,2017-09-13,30.0,6.0,4.0,17.0,0.1,1200,1500.0,50,4,3,25,0.2,1000,5000,0.6,0.08333333333333333,1.3333333333333333,0.68,0.5,1.2,0.3,0.6,0.08333333333333333,1.6246936830414995,0.68,0.5,1.3959062302381242,0.3,0.7405618923732796,1.6246936830414995,0.548431916435493,2.6396295637149527,1.2625493020374385,ringan
167,cimahi tengah,,2017-09-11,28.0,3.0,6.0,25.0,0.4,3100,4300.0,50,4,3,25,0.2,1000,5000,0.56,0.3333333333333333,2.0,1.0,2.0,3.1,0.86,0.56,0.3333333333333333,2.5051499783199063,1.0,2.5051499783199063,3.4568084691713636,0.6724922562178386,1.5761334307660497,3.4568084691713636,2.484196591578358,11.949524792534866,2.6864215402755787,ringan
168,Cimahi hilir,,2017-09-11,164.0,0.9,46.0,139.0,0.03,130000,240000.0,50,4,3,25,0.2,1000,5000,3.28,0.5083333333333333,15.333333333333334,5.56,0.15,130.0,48.0,3.5793692185583956,0.5083333333333333,6.928182884809559,4.725373957910287,0.15,11.569716761534185,9.406206186877936,5.266740334717672,11.569716761534185,27.738553753342014,133.85834594212506,8.988795795196014,sedang
169,Cibabat Hulu,,2017-09-12,27.0,4.0,11.0,45.0,0.18,4900,7900.0,50,4,3,25,0.2,1000,5000,0.54,0.25,3.6666666666666665,1.8,0.8999999999999999,4.9,1.58,0.54,0.25,3.821357152192813,2.2763625255165305,0.8999999999999999,4.450980400142569,1.9932854347721132,2.033140787517718,4.450980400142569,4.133661461868167,19.811226522453307,3.460121962035549,ringan
170,Cibabat Tengah,,2017-09-12,119.0,2.0,33.0,104.0,1.0,13000,24000.0,50,4,3,25,0.2,1000,5000,2.38,0.4166666666666667,11.0,4.16,5.0,13.0,4.8,2.8828847852825596,0.4166666666666667,6.206963425791126,4.095466653133714,4.494850021680094,6.569716761534184,4.406206186877936,4.153250642995183,6.569716761534184,17.249490903539904,43.1611783267832,5.495938010491162,sedang
171,Cibabat Hilir,,2017-09-12,72.0,2.0,78.0,269.0,0.5,280000,350000.0,50,4,3,25,0.2,1000,5000,1.44,0.4166666666666667,26.0,10.76,2.5,280.0,70.0,1.7918124604762482,0.4166666666666667,8.074866739854091,6.1590613566518515,2.989700043360188,13.235790156711097,10.225490200071285,6.127626803398775,13.235790156711097,37.54781024173109,175.18614107249036,10.313436655989639,berat
172,Cibeureum Hulu,,2017-09-12,141.0,6.0,23.0,72.0,0.7,13000,24000.0,50,4,3,25,0.2,1000,5000,2.82,0.08333333333333333,7.666666666666667,2.88,3.4999999999999996,13.0,4.8,3.251245541596805,0.08333333333333333,5.423032906489652,3.2969624387961542,3.720340221751378,6.569716761534184,4.406206186877936,3.821548198625635,6.569716761534184,14.604230634418835,43.1611783267832,5.374263156991944,sedang
173,Cibeureum Tengah,,2017-09-12,98.0,4.0,50.0,156.0,0.1,22000,28000.0,50,4,3,25,0.2,1000,5000,1.96,0.25,16.666666666666668,6.24,0.5,22.0,5.6,2.46128035678238,0.25,7.109243748081782,4.97592294841212,0.5,7.712113404111031,4.740940135031002,3.9642143703454735,7.712113404111031,15.714995574053559,59.476693157869036,6.131545022746004,sedang
174,Cibeureum Hilir,,2017-09-12,38.0,3.0,20.0,77.0,0.17,28000,35000.0,50,4,3,25,0.2,1000,5000,0.76,0.3333333333333333,6.666666666666667,3.08,0.85,28.0,7.0,0.76,0.3333333333333333,5.119543704721594,3.4427535825022213,0.85,8.235790156711097,5.225490200071284,3.423844425334219,8.235790156711097,11.722710648892207,67.8282395053794,6.306780087900306,sedang
175,Cisangkan Hulu,,2017-09-13,42.0,5.0,21.0,28.0,0.9,13000,24000.0,50,4,3,25,0.2,1000,5000,0.84,0.16666666666666666,7.0,1.12,4.5,13.0,4.8,0.84,0.16666666666666666,5.225490200071284,1.2460901133509084,4.266062568876719,6.569716761534184,4.406206186877936,3.2457474996253857,6.569716761534184,10.534876831324443,43.1611783267832,5.181508234004248,sedang
176,Cisangkan Tengah,,2017-09-13,40.0,2.0,28.0,109.0,3.0,130000,240000.0,50,4,3,25,0.2,1000,5000,0.8,0.4166666666666667,9.333333333333334,4.36,15.0,130.0,48.0,0.8,0.4166666666666667,5.850183883112784,4.197432446342931,6.880456295278407,11.569716761534185,9.406206186877936,5.588666034258987,11.569716761534185,31.23318804248007,133.85834594212506,9.085470102988758,sedang
177,Cisangkan Hilir,,2017-09-12,430.0,0.4,234.0,668.0,0.18,130000,240000.0,50,4,3,25,0.2,1000,5000,8.6,0.5499999999999999,78.0,26.72,0.8999999999999999,130.0,48.0,5.672492256217838,0.5499999999999999,10.460473013452402,8.13418226901754,0.8999999999999999,11.569716761534185,9.406206186877936,6.670438641014272,11.569716761534185,44.49475166353633,133.85834594212506,9.443333564098575,sedang
178,Cibaligo Hulu,,2017-09-11,13.0,0.9,8.0,39.0,0.3,4900,7000.0,50,4,3,25,0.2,1000,5000,0.26,0.5083333333333333,2.6666666666666665,1.56,1.4999999999999998,4.9,1.4,0.26,0.5083333333333333,3.1298436613614053,1.965622991772308,1.8804562952784059,4.450980400142569,1.73064017839119,1.9894109800398876,4.450980400142569,3.957756047503266,19.811226522453307,3.4473890533240206,ringan
179,Cibaligo Tengah,,2017-09-11,161.0,0.9,28.0,253.0,0.5,280000,350000.0,50,4,3,25,0.2,1000,5000,3.22,0.5083333333333333,9.333333333333334,10.12,2.5,280.0,70.0,3.5392793584791544,0.5083333333333333,5.850183883112784,6.025902562518901,2.989700043360188,13.235790156711097,10.225490200071285,6.053525648226677,13.235790156711097,36.64517277373821,175.18614107249036,10.29153326395607,berat
180,Cibaligo hilir,,2017-09-11,730.0,0.4,275.0,387.0,0.8,350000,430000.0,50,4,3,25,0.2,1000,5000,14.6,0.5499999999999999,91.66666666666667,15.48,4.0,350.0,86.0,6.821764278922186,0.5499999999999999,10.811057195553001,6.9488547817343695,4.0102999566398125,13.720340221751378,10.672492256217838,7.6478298129740825,13.720340221751378,58.48930084821519,188.24773580060867,11.107138169862294,berat
181,Cimahi Hulu,,2017-11-28,84.67,4.53,2.31,85.65,0.1,20000,220000.0,50,4,3,25,0.2,1000,5000,1.6934,0.2058333333333333,0.77,3.426,0.5,20.0,44.0,2.1437977771781784,1.2701910534243475,0.77,3.6739367931474582,0.5,7.505149978319906,9.217263382430938,3.582905569214404,9.217263382430938,12.837212317907591,84.95794426110221,6.992680336573731,sedang
182,cimahi tengah,,2017-11-28,109.33,3.77,15.19,39.28,0.13,710000,4200000.0,50,4,3,25,0.2,1000,5000,2.1866,0.26916666666666667,5.0633333333333335,1.5712000000000002,0.65,710.0,840.0,2.698846718843651,0.26916666666666667,5.0633333333333335,1.9811573522143724,0.65,15.256291743595376,15.621396430309408,5.93431317785183,15.621396430309408,35.21607289282588,244.02802643288354,11.816177455626447,berat
183,Cimahi hilir,,2017-11-28,147.0,4.04,15.28,52.08,0.09,610000,6600000.0,50,4,3,25,0.2,1000,5000,2.94,0.24666666666666667,5.093333333333333,2.0831999999999997,0.44999999999999996,610.0,1320.0,3.3417366520607863,0.24666666666666667,5.093333333333333,2.5936548344404895,0.44999999999999996,14.926649175053836,16.60286965602925,6.179272902512052,16.60286965602925,38.18341360371972,275.6552808150968,12.52674527598483,berat
184,Cibabat Hulu,,2017-11-27,65.83,3.05,14.19,24.99,0.31,230000,2150000.0,50,4,3,25,0.2,1000,5000,1.3166,0.32916666666666666,4.7299999999999995,0.9995999999999999,1.5499999999999998,230.0,430.0,1.5972692537803002,0.32916666666666666,4.7299999999999995,0.9995999999999999,1.9516584908514572,12.808639180087965,14.167342277897934,5.22623940989776,14.167342277897934,27.313578369568486,200.7135872191142,10.677714305708939,berat
185,Cibabat Tengah,,2017-11-27,19.33,1.9,32.47,98.71,1.0,5500000,125000000.0,50,4,3,25,0.2,1000,5000,0.38659999999999994,0.425,10.823333333333332,3.9484,5.0,5500.0,25000.0,0.38659999999999994,0.425,10.823333333333332,3.982105716179817,4.494850021680094,19.701813447471217,22.989700043360187,8.971914651717807,22.989700043360187,80.49525251770865,528.5263080836754,17.450237256286577,berat
186,Cibabat Hilir,,2017-11-27,28.67,1.59,48.93,1.6456,0.57,6400000,148000000.0,50,4,3,25,0.2,1000,5000,0.5734,0.45083333333333336,16.31,0.065824,2.8499999999999996,6400.0,29600.0,0.5734,0.45083333333333336,16.31,0.065824,3.2742243000425506,20.030899869919434,23.356458555294694,9.15166286551286,23.356458555294694,83.75293320400705,545.5241562451987,17.738053577678777,berat
187,Cibeureum Hulu,,2017-11-27,122.67,3.99,15.09,75.23,0.1,730000,2350000.0,50,4,3,25,0.2,1000,5000,2.4534000000000002,0.2508333333333333,5.03,3.0092000000000003,0.5,730.0,470.0,2.9488418046898985,0.2508333333333333,5.03,3.3922552657357503,0.5,15.316614300602279,14.360489289678588,5.971290570577122,15.316614300602279,35.65631107826325,234.59867363341422,11.6244351413666,berat
188,Cibeureum Tengah,,2017-11-27,97.67,2.2,11.79,61.97,0.13,35000,2700000.0,50,4,3,25,0.2,1000,5000,1.9534,0.39999999999999997,3.9299999999999997,2.4788,0.65,35.0,540.0,2.453955916913797,0.39999999999999997,3.9299999999999997,2.9712074373882063,0.65,8.720340221751378,14.661968799114844,4.826781767881175,14.661968799114844,23.29782223475012,214.97332906621716,10.914924445477562,berat
189,Cibeureum Hilir,,2017-11-28,117.67,3.56,15.0,68.38,0.14,650000,6600000.0,50,4,3,25,0.2,1000,5000,2.3534,0.2866666666666667,5.0,2.7352,0.7000000000000001,650.0,1320.0,2.8584787455885454,0.2866666666666667,5.0,3.184945438942691,0.7000000000000001,15.064566783214278,16.60286965602925,6.24250389863449,16.60286965602925,38.968854924466804,275.6552808150968,12.542410767862046,berat
190,Cisangkan Hulu,,2017-11-28,21.33,2.32,5.52,26.32,0.09,2000000,27000000.0,50,4,3,25,0.2,1000,5000,0.4266,0.38999999999999996,1.8399999999999999,1.0528,0.44999999999999996,2000.0,5400.0,0.4266,0.38999999999999996,1.8399999999999999,1.1117293813494014,0.44999999999999996,17.505149978319906,19.66196879911484,5.912206879826307,19.66196879911484,34.95419018986552,386.59301705736556,14.518044070177481,berat
191,Cisangkan Tengah,,2017-11-28,22.67,2.14,9.66,34.15,0.13,1200000,145000000.0,50,4,3,25,0.2,1000,5000,0.4534,0.40499999999999997,3.22,1.3659999999999999,0.65,1200.0,29000.0,0.4534,0.40499999999999997,3.22,1.6772534967275685,0.65,16.395906230238126,23.311989989494784,6.587649959494355,23.311989989494784,43.397131988825976,543.448877270305,17.12959440937133,berat
192,Cisangkan Hilir,,2017-11-28,55.53,2.21,13.87,56.51,0.15,3000000,7200000.0,50,4,3,25,0.2,1000,5000,1.1106,0.39916666666666667,4.623333333333333,2.2603999999999997,0.7499999999999999,3000.0,1440.0,1.2277883456827388,0.39916666666666667,4.623333333333333,2.770926493129303,0.7499999999999999,18.385606273598313,16.79181246047625,6.42123336755523,18.385606273598313,41.23223796060468,338.03051804777766,13.770670935150225,berat
193,Cibaligo Hulu,,2017-11-27,20.67,3.65,19.32,69.07,0.27,2000000,3700000.0,50,4,3,25,0.2,1000,5000,0.41340000000000005,0.2791666666666667,6.44,2.7628,1.35,2000.0,740.0,0.41340000000000005,0.2791666666666667,6.44,3.2067472366705463,1.6516688424750305,17.505149978319906,15.346158598654881,6.406041617541005,17.505149978319906,41.037369205667375,306.4302757634734,13.180812664042016,berat
194,Cibaligo Tengah,,2017-11-27,41.67,1.58,86.41,233.42,0.26,7300000,170000000.0,50,4,3,25,0.2,1000,5000,0.8334,0.45166666666666666,28.80333333333333,9.3368,1.3,7300.0,34000.0,0.8334,0.45166666666666666,28.80333333333333,5.850990280257546,1.5697167615341838,20.31661430060228,23.65739458521128,11.64044513251504,28.80333333333333,135.4999628830931,829.632011111111,21.96738461895503,berat
195,Cibaligo hilir,,2017-11-27,171.33,0.58,71.97,280.01,0.82,6400000,73000000.0,50,4,3,25,0.2,1000,5000,3.4266,0.535,23.99,11.2004,4.1,6400.0,14600.0,3.6743170527420763,0.535,23.99,6.246167664552127,4.063919283598677,20.030899869919434,21.821764278922185,11.480295449962071,23.99,131.79718361841984,575.5201,18.805814042715884,berat
211,Cimahi Hulu, E 107´33.618´ S 06´51.309´,2018-11-21,9.42,3.42,9.63,19.81,0.2,900,270000.0,50,4,3,25,0.2,1000,5000,0.1884,0.29833333333333334,3.2100000000000004,0.7924,1.0,0.9,54.0,-2.624595507715707,0.6598305736408632,3.2100000000000004,0.7924,1.0,0.9,54.0,8.27680500941788,54.0,68.5055011639249,2916.0,38.62968742537224,berat
212,Cimahi Tengah,"E 107° 32' 466"" S 06´53.606´ ",2018-11-19,35.62,0.66,27.56,49.72,0.7,375000,42500000.0,50,4,3,25,0.2,1000,5000,0.7123999999999999,0.5283333333333333,9.186666666666666,1.9888,3.4999999999999996,375.0,8500.0,0.26361955395602943,0.5283333333333333,5.815789792579628,2.4929555564878476,3.4999999999999996,375.0,8500.0,1269.6572426051937,8500.0,1612029.5136998238,72250000.0,6077.089332636959,berat
213,Cimahi Hilir," E 107° 32' 304"" S 06° 55' 203"" ",2018-11-21,14.15,1.36,7.49,32.59,0.76,1150000,25500000.0,50,4,3,25,0.2,1000,5000,0.28300000000000003,0.47,2.4966666666666666,1.3036,3.8,1150.0,5100.0,-1.7410678223785485,0.47,2.98680281489902,1.575721758965533,3.8,1150.0,5100.0,893.8702081073552,5100.0,799003.9489418865,26010000.0,3661.2159147571374,berat
214,Cisangkan Hulu,E 107´32.181´ S 06´52.223´,2018-11-21,22.97,2.65,12.01,61.49,1.04,9300000,10100000.0,50,4,3,25,0.2,1000,5000,0.4594,0.3625,4.003333333333333,2.4596,5.2,9300.0,2020.0,-0.6890450457049639,0.3625,4.012108763416218,2.9543224218630537,5.2,9300.0,2020.0,1618.8342694485107,9300.0,2620624.391940893,86490000.0,6674.976568945425,berat
215,Cisangkan Tengah,E 108´31.818´ S 06´52.867´,2018-11-21,17.98,2.65,29.49,76.93,0.39,8700000,89000000.0,50,4,3,25,0.2,1000,5000,0.35960000000000003,0.3625,9.83,3.0772000000000004,1.95,8700.0,17800.0,-1.2209015846940443,0.3625,5.962767589160678,3.440778618828549,1.95,8700.0,17800.0,3787.2135920890423,17800.0,14342986.792103987,316840000.0,12868.235830759864,berat
216,Cisangkan Hilir,"E 107° 32' 006""  S 6° 55' 092"" ",2018-11-21,19.57,2.82,5.45,18.25,0.47,310000,6500000.0,50,4,3,25,0.2,1000,5000,0.3914,0.34833333333333333,1.8166666666666667,0.73,2.3499999999999996,310.0,1300.0,-1.036895893390088,0.34833333333333333,2.2963762377848997,0.31661430060227946,2.3499999999999996,310.0,1300.0,230.61063256833293,1300.0,53181.263853566656,1690000.0,933.5901841422624,berat
217,Cibabat Hulu,E 107´33.694´ S 06´53.373´,2018-11-22,8.66,1.6,13.66,49.19,0.2,700000,35000000.0,50,4,3,25,0.2,1000,5000,0.1732,0.45,4.553333333333334,1.9676,1.0,700.0,7000.0,-2.8072605615933606,0.45,4.291647223129257,2.4696840694364686,1.0,700.0,7000.0,1100.7720101044247,7000.0,1211699.0182293355,49000000.0,5010.573770449315,berat
218,Cibabat Tengah,E 107´32.892´ S 06´54.016´,2018-11-19,28.46,3.56,33.77,128.62,1.39,5100000,37000000.0,50,4,3,25,0.2,1000,5000,0.5692,0.2866666666666667,11.256666666666668,5.1448,6.949999999999999,5100.0,7400.0,-0.22367554293876624,0.2866666666666667,6.257049029578745,4.556842482873558,6.949999999999999,5100.0,7400.0,1788.26098323374,7400.0,3197877.3441561027,54760000.0,5383.208956754145,berat
219,Cibabat Hilir,"E 107° 33' 008""  S 06° 55' 502"" ",2018-11-22,25.97,1.42,20.71,76.86,0.25,6700000,780000000.0,50,4,3,25,0.2,1000,5000,0.5194,0.465,6.903333333333333,3.0744,1.25,6700.0,156000.0,-0.4224902735335807,0.465,5.195294220868951,3.4388018572814616,1.25,6700.0,156000.0,23244.27522940066,156000.0,540296330.9401292,24336000000.0,111526.44603622078,berat
220,Cibaligo Hulu,E 107´33.329´ S 06´53.876´,2018-11-22,29.96,1.42,20.48,57.61,0.29,5250000,79500000.0,50,4,3,25,0.2,1000,5000,0.5992000000000001,0.465,6.826666666666667,2.3044,1.4499999999999997,5250.0,15900.0,-0.11214097654294952,0.465,5.171043487920654,2.812789332772445,1.4499999999999997,5250.0,15900.0,3022.82667026345,15900.0,9137481.078456016,252810000.0,11444.375934896058,berat
221,Cibaligo Tengah,E 107´33.108' S 06´54.523´,2018-11-19,52.93,0.49,35.71,80.47,0.59,3200000,61000000.0,50,4,3,25,0.2,1000,5000,1.0586,0.5425,11.903333333333334,3.2188,2.9499999999999997,3200.0,12200.0,1.1236594482762452,0.5425,6.378342977365598,3.5384699632745855,2.9499999999999997,3200.0,12200.0,2202.0761389127024,12200.0,4849139.321568675,148840000.0,8766.10344798556,berat
222,Cibaligo Hilir,"E 107° 32' 630"" S 06° 55' 270"" ",2018-11-19,39.55,0.83,103.25,180.61,1.6,8400000,71000000.0,50,4,3,25,0.2,1000,5000,0.7909999999999999,0.5141666666666667,34.416666666666664,7.2244,8.0,8400.0,14200.0,0.49088241748838257,0.5141666666666667,8.683844028043882,5.294008919766087,8.0,8400.0,14200.0,3231.854700290281,14200.0,10444884.803788383,201640000.0,10297.691119949859,berat
223,Cibeureum Hulu,"E 107° 34' 130"" S 06° 54' 622""",2018-11-21,29.56,1.13,4.97,37.75,0.16,5300000,81000000.0,50,4,3,25,0.2,1000,5000,0.5912,0.4891666666666667,1.6566666666666665,1.51,0.7999999999999999,5300.0,16200.0,-0.14132787306615358,0.4891666666666667,2.096175670068348,1.8948847364658472,0.7999999999999999,5300.0,16200.0,3072.162699885733,16200.0,9438183.654569197,262440000.0,11659.29208088058,berat
224,Cibeureum Tengah,E 107´33.923´ S 06´55.164´,2018-11-19,35.95,0.66,37.41,94.55,0.33,3200000,44000000.0,50,4,3,25,0.2,1000,5000,0.7190000000000001,0.5283333333333333,12.469999999999999,3.782,1.65,3200.0,8800.0,0.28364445191441334,0.5283333333333333,6.479332267392713,3.8886076225451047,1.65,3200.0,8800.0,1716.1185596678838,8800.0,2945062.910836572,77440000.0,6339.757996597212,berat
225,Cibeureum Hilir,E 107´32.714´ S 06´55.918´,2018-11-19,35.29,0.65,42.03,80.91,0.81,4300000,41000000.0,50,4,3,25,0.2,1000,5000,0.7058,0.5291666666666667,14.01,3.2363999999999997,4.05,4300.0,8200.0,0.24340827011975186,0.5291666666666667,6.732190676428873,3.55031096250258,4.05,4300.0,8200.0,1787.872153796531,8200.0,3196486.8383210464,67240000.0,5934.49605435546,berat
